{"max": [0.0702809, 0.811218, -0.122467], "centroid": [-0.14019934847911536, 0.48642909645405485, -0.2920630196560194], "id": "88382b877be91b2a572f8e1c1caad99e", "numVertices": 814, "min": [-0.335649, 0.0, -0.555599]}
